MovieName,F1,F2,F3,F4,F5,F6,F7,F8,F9,F10,Attend
The Last Sunrise,3,5,4,4,4,1,4,5,2,3,1
Echoes of the Past,2,2,1,3,1,2,2,3,2,3,0
Falling Shadows,1,2,5,2,5,3,1,4,3,2,0
Whispering Pines,4,4,2,5,4,3,4,4,3,2,1
Dawn's Early Light,4,1,5,4,3,2,3,5,1,2,0
Beyond The Horizon,4,4,5,3,5,3,5,5,2,5,1
Racing Hearts,2,1,4,1,5,1,4,3,1,2,0
Through the Storm,1,5,1,1,2,3,4,2,1,3,0
Chasing Echoes,5,1,1,5,3,4,3,2,3,3,1
A Leap of Faith,5,2,1,3,3,1,1,1,2,4,0
New Beginnings,4,5,5,4,5,2,5,5,4,3,1
The Road Home,4,2,4,3,1,4,2,4,1,4,1
Twisted Fate,4,2,1,3,1,3,4,2,4,3,0
Beneath the Surface,5,2,5,4,5,4,3,3,4,4,1
The Long Goodbye,3,3,1,2,3,4,3,2,2,1,0
Silent Whispers,2,1,1,2,1,3,3,2,2,4,0
Against the Current,3,4,3,2,4,4,4,2,2,3,1
Remembering Tomorrow,1,1,1,5,2,2,1,2,2,4,0
Broken Promises,4,5,2,5,4,4,4,2,4,4,1
The Turning Point,2,1,5,2,2,3,2,1,2,3,0
